<?xml version="1.0" encoding="UTF-8"?>
<beans xmlns="http://www.springframework.org/schema/beans"
	xmlns:xsi="http://www.w3.org/2001/XMLSchema-instance"
	xmlns:context="http://www.springframework.org/schema/context"
	xmlns:p="http://www.springframework.org/schema/p"
	xmlns:aop="http://www.springframework.org/schema/aop"
	xsi:schemaLocation="http://www.springframework.org/schema/beans http://www.springframework.org/schema/beans/spring-beans.xsd
		http://www.springframework.org/schema/context http://www.springframework.org/schema/context/spring-context-4.2.xsd
		http://www.springframework.org/schema/aop http://www.springframework.org/schema/aop/spring-aop-4.2.xsd">
	
	<context:component-scan base-package="com.springbook.biz"></context:component-scan>
	 
	<!-- Datasource 설정!!! -->
	<bean id="dataSource" class="org.apache.commons.dbcp.BasicDataSource" 
	destroy-method="close">
		<property name="driverClassName" value="org.h2.Driver"/>
		<property name="url" value="jdbc:h2:tcp://localhost/~/test"/>
		<property name="username" value="sa" />
		<property name="password" value="" />		
	</bean>
 
	<bean id = "orderlistsort" class="com.springbook.biz.impl.OrdertbDAO"></bean>
	<aop:config>
		<aop:pointcut id="AllPointcut" expression="execution(* com.springbook..*Impl.get*(..))" />
		
		<aop:aspect ref="orderlistsort" >
			<aop:before pointcut-ref="AllPointcut" method="deleteOrdertb"/>
		</aop:aspect>
	</aop:config>

</beans>
